year,delta_noexp,exp_rate_terms,exp_rate_terms_clipped,base_pop_for_rate,exp_people_from_rate,exp_people_manual,exp_people_total,delta_hat,pop_after,lag_d1,lag_d2
2026,-17.584133871102793,0.0,0.0,1121.0,0.0,0.0,0.0,-17.584133871102793,1103.4158661288973,,
2027,-18.119815556706246,0.0,0.0,1103.4158661288973,0.0,0.0,0.0,-18.119815556706246,1085.296050572191,,
2028,-19.120849495221623,0.0,0.0,1085.296050572191,0.0,0.0,0.0,-19.120849495221623,1066.1752010769694,,
