year,exp_rate_terms,base_pop_for_rate,exp_people_from_rate,exp_people_manual,exp_people_total,delta_noexp,delta_hat,residual_error
2026,-0.0003861786599138,242.0,-0.0934552356991396,0.0,-0.0934552356991396,-15.48481487741469,-15.57827011311383,0.0
2027,-0.0004209347393061,226.42172988688617,-0.09530877184317262,0.0,-0.09530877184317262,-15.519648734877038,-15.61495750672021,0.0
2028,-3.86178659913885e-05,210.80677238016597,-0.008140907685854388,0.0,-0.008140907685854388,-15.680229109926001,-15.688370017611856,0.0
