year,horizon,delta_full,contrib_exp,contrib_macro,contrib_inertia,contrib_other,exp_rate_all_h1,exp_rate_all_h2,exp_rate_all_h3,base_pop_for_rate,lag_d1,lag_d2
2026,1,90.79883991672637,121.0,-0.02922973007259344,-6.058586360766384,-24.113343992434665,0.2066115702479339,0.0,0.0,332.79883991672637,,
2027,2,172.7809592332713,78.88896509016207,-0.23090703236736942,-60.70018538809653,154.8230865635731,0.0,0.0790156651486544,0.0,505.57979914999765,,
2028,3,229.48469124661625,125.35036342561918,0.3939547863213022,-59.861243788143284,163.60161682281904,0.0,0.0,0.0826446280991735,735.0644903966139,,
