MAE,RMSE,MAPE,R2,fold,train_years,test_years
2.4569385517543583,7.60073301781184,0.46721301368885665,0.9442985052534637,1,"{'len': 20, 'first': 1999, 'last': 2018}",[2019]
2.13184543666568,9.98572696321626,0.2610859354339827,0.9091571541933033,2,"{'len': 21, 'first': 1999, 'last': 2019}",[2020]
1.4517543452205328,8.449873087261361,0.10421655211049435,0.9254449549763641,3,"{'len': 22, 'first': 1999, 'last': 2020}",[2021]
3.477312069969677,45.811184192428875,0.6087362746859211,0.3416391560781624,4,"{'len': 23, 'first': 1999, 'last': 2021}",[2022]
1.225572533751807,2.378049053098925,0.24411812687803744,0.9926162409344862,5,"{'len': 24, 'first': 1999, 'last': 2022}",[2023]
1.4503978162737203,6.112898212429833,0.35202752552812877,0.9425882446324384,6,"{'len': 25, 'first': 1999, 'last': 2023}",[2024]
0.9484039090833363,6.104047453490188,0.16819133726720095,0.9559849251669393,7,"{'len': 26, 'first': 1999, 'last': 2024}",[2025]
