MAE,RMSE,MAPE,R2,fold,train_years,test_years
3.3481673796129954,8.318445168018464,0.7759465828509355,0.9332824314639377,1,"{'len': 20, 'first': 1999, 'last': 2018}",[2019]
5.323578861491021,11.521373003843726,2.119214481913428,0.8790683911133905,2,"{'len': 21, 'first': 1999, 'last': 2019}",[2020]
1.78840473422187,8.952000403238019,0.31876261577401993,0.9163209288647725,3,"{'len': 22, 'first': 1999, 'last': 2020}",[2021]
3.2865809208650822,45.530511420030244,0.5187674868653103,0.34968164202529217,4,"{'len': 23, 'first': 1999, 'last': 2021}",[2022]
9.0315688565104,18.480119513660682,2.009035717955507,0.5540918084461888,5,"{'len': 24, 'first': 1999, 'last': 2022}",[2023]
1.6945369270349373,6.129264060274514,0.4431580610443493,0.9422804201640571,6,"{'len': 25, 'first': 1999, 'last': 2023}",[2024]
1.4009362620699792,6.522149405898005,0.22416154807921157,0.9497487200106752,7,"{'len': 26, 'first': 1999, 'last': 2024}",[2025]
