MAE,RMSE,MAPE,R2,fold,train_years,test_years
4.131103963564114,9.33718555508878,0.9505580946559804,0.9159402928012212,1,"{'len': 20, 'first': 1999, 'last': 2018}",[2019]
2.718331173993009,10.757562469856888,0.5052172150515131,0.8945712372170557,2,"{'len': 21, 'first': 1999, 'last': 2019}",[2020]
3.0734341710681097,9.849267262044673,0.7877053084461609,0.8987058162515618,3,"{'len': 22, 'first': 1999, 'last': 2020}",[2021]
3.1087794275713887,46.05759371525285,0.18115325780223815,0.33453771670389965,4,"{'len': 23, 'first': 1999, 'last': 2021}",[2022]
2.2986552085655,3.9098011994622923,0.893770264571598,0.9800407025436356,5,"{'len': 24, 'first': 1999, 'last': 2022}",[2023]
1.93123768270831,5.938331401497757,0.5261554817587485,0.9458204543852642,6,"{'len': 25, 'first': 1999, 'last': 2023}",[2024]
1.9116273748468502,7.211872442622805,0.3909146046830224,0.9385585133346293,7,"{'len': 26, 'first': 1999, 'last': 2024}",[2025]
