year,MAE,MedianAE,RMSE,n
2019,2.4569385517543583,1.5952842470098076,7.60073301781184,669.0
2020,2.13184543666568,1.2084731440533023,9.98572696321626,669.0
2021,1.4517543452205328,0.7705176834052239,8.449873087261361,669.0
2022,3.477312069969677,1.4785960980201907,45.811184192428875,669.0
2023,1.225572533751807,0.8294013511680753,2.378049053098925,669.0
2024,1.4503978162737203,1.0241661302364722,6.112898212429833,669.0
2025,0.9484039090833363,0.42679954289739974,6.104047453490188,669.0
