year,MAE,MedianAE,RMSE,n
2019,3.3481673796129954,2.769916783004528,8.318445168018464,669.0
2020,5.323578861491021,3.641335340380614,11.521373003843726,669.0
2021,1.78840473422187,1.247737996101165,8.952000403238019,669.0
2022,3.2865809208650822,1.3321634627274381,45.530511420030244,669.0
2023,9.0315688565104,5.267080359086695,18.480119513660682,669.0
2024,1.6945369270349373,1.3165869066174216,6.129264060274514,669.0
2025,1.4009362620699792,0.8130273454924488,6.522149405898005,669.0
