year,MAE,MedianAE,RMSE,n
2019,3.678704911414588,2.6508698541575053,9.091317323777016,669.0
2020,2.9041739576489087,1.9371517454339262,10.80598872363883,669.0
2021,2.8249236620539073,2.2945104804559895,9.755155557987008,669.0
2022,3.29208881538483,0.9008478754781208,48.37245556458286,669.0
2023,2.8930739668637684,1.4714098593175677,9.674766528615667,669.0
2024,1.9028347858067116,1.515401874450073,6.013756852630526,669.0
2025,1.9321312605241274,1.324076431263234,7.170532597232208,669.0
