year,delta_noexp,exp_rate_terms,exp_rate_terms_clipped,base_pop_for_rate,exp_people_from_rate,exp_people_manual,exp_people_total,delta_hat,pop_after,lag_d1,lag_d2
2026,-27.492239421548685,0.2238805970149251,0.2238805970149251,670.0,149.99999999999983,0.0,149.99999999999983,122.50776057845114,792.5077605784511,,
2027,118.20968072076262,-0.0005254727913621,-0.0005254727913621,792.5077605784511,-0.4164412651272855,0.0,-0.4164412651272855,117.79323945563533,910.3010000340864,122.50776057845114,
2028,119.07305738116715,0.0895522388059701,0.0895522388059701,910.3010000340864,81.5194925403659,0.0,81.5194925403659,200.59254992153305,1110.8935499556194,117.79323945563533,122.50776057845114
