year,exp_rate_terms,base_pop_for_rate,exp_people_from_rate,exp_people_manual,exp_people_total,delta_noexp,delta_hat,residual_error
2026,0.0,0.0,0.0,0.0,0.0,-20.8456532975458,-20.8456532975458,0.0
2027,0.0,-20.8456532975458,-0.0,0.0,0.0,-21.605839988460907,-21.605839988460907,0.0
2028,0.0,-42.45149328600671,-0.0,0.0,0.0,-20.497333361488366,-20.497333361488366,0.0
