year,exp_rate_terms,base_pop_for_rate,exp_people_from_rate,exp_people_manual,exp_people_total,delta_noexp,delta_hat,residual_error
2026,0.0,1121.0,0.0,0.0,0.0,-11.639537128472536,-11.639537128472536,0.0
2027,0.0,1109.3604628715275,0.0,0.0,0.0,-11.390365066661069,-11.390365066661069,0.0
2028,0.0,1097.9700978048663,0.0,0.0,0.0,-12.317946364491265,-12.317946364491265,0.0
