year,exp_rate_terms,base_pop_for_rate,exp_people_from_rate,exp_people_manual,exp_people_total,delta_noexp,delta_hat,residual_error
2026,0.0,0.0,0.0,0.0,0.0,-16.37861641796596,-16.37861641796596,0.0
2027,0.0,-16.37861641796596,-0.0,0.0,0.0,-17.40125457580769,-17.40125457580769,0.0
2028,0.0,-33.779870993773656,-0.0,0.0,0.0,-17.026366445297015,-17.026366445297015,0.0
