year,delta_noexp,exp_rate_terms,exp_rate_terms_clipped,base_pop_for_rate,exp_people_from_rate,exp_people_manual,exp_people_total,delta_hat,pop_after,lag_d1,lag_d2
2026,-29.663461561033618,0.2152080344332854,0.2152080344332854,697.0,149.99999999999991,0.0,149.99999999999991,120.3365384389663,817.3365384389663,,
2027,122.23274805822953,-0.0057290103403461,-0.0057290103403461,817.3365384389663,-4.682529480259525,0.0,-4.682529480259525,117.55021857797001,934.8867570169363,120.3365384389663,
2028,122.40024476150788,0.0860832137733141,0.0860832137733141,934.8867570169363,80.47805655812928,0.0,80.47805655812928,202.87830131963716,1137.7650583365735,117.55021857797001,120.3365384389663
