year,delta_noexp,exp_rate_terms,exp_rate_terms_clipped,base_pop_for_rate,exp_people_from_rate,exp_people_manual,exp_people_total,delta_hat,pop_after,lag_d1,lag_d2
2026,-30.20116008327364,0.6198347107438017,0.5,242.0,121.0,0.0,121.0,90.79883991672637,332.79883991672637,,
2027,93.8919941431092,0.2370469954459632,0.2370469954459632,332.79883991672637,78.88896509016207,0.0,78.88896509016207,172.7809592332713,505.57979914999765,90.79883991672637,
2028,104.13432782099706,0.2479338842975205,0.2479338842975205,505.57979914999765,125.35036342561918,0.0,125.35036342561918,229.48469124661625,735.0644903966139,172.7809592332713,90.79883991672637
