year,horizon,delta_full,contrib_exp,contrib_macro,contrib_inertia,contrib_other
2026,1,266.19330880642013,300.0,-0.7381872222749166,-7.860938785049829,-25.207565186255124
2027,2,289.6219825940376,192.3448288565587,2.4576181272257713,-68.50593851926222,163.32547412951533
2028,3,185.7002434714405,90.0,1.613608560060868,-69.2388392181357,163.32547412951533
