year,exp_rate_terms,base_pop_for_rate,exp_people_from_rate,exp_people_manual,exp_people_total,delta_noexp,delta_hat,residual_error
2026,0.0,0.0,0.0,0.0,0.0,-19.437550917556248,-19.437550917556248,0.0
2027,0.0,-19.437550917556248,-0.0,0.0,0.0,-20.386195061917025,-20.386195061917025,0.0
2028,0.0,-39.82374597947327,-0.0,0.0,0.0,-20.353125329735196,-20.353125329735196,0.0
