year,delta_noexp,exp_rate_terms,exp_rate_terms_clipped,base_pop_for_rate,exp_people_from_rate,exp_people_manual,exp_people_total,delta_hat,pop_after,lag_d1,lag_d2
2026,-28.872841966353324,0.2199413489736069,0.2199413489736069,682.0,149.99999999999991,0.0,149.99999999999991,121.1271580336466,803.1271580336465,,
2027,119.15987650477634,-0.0028890216161532,-0.0028890216161532,803.1271580336465,-2.320251720078892,0.0,-2.320251720078892,116.83962478469745,919.966782818344,121.1271580336466,
2028,121.60383051845972,0.0879765395894427,0.0879765395894427,919.966782818344,80.93549408959026,0.0,80.93549408959026,202.53932460804998,1122.506107426394,116.83962478469745,121.1271580336466
