year,exp_rate_terms,base_pop_for_rate,exp_people_from_rate,exp_people_manual,exp_people_total,delta_noexp,delta_hat,residual_error
2026,0.0,2888.0,0.0,0.0,0.0,-13.06505226245982,-13.06505226245982,0.0
2027,0.0,2874.9349477375404,0.0,0.0,0.0,-12.681365861824858,-12.681365861824858,0.0
2028,0.0,2862.2535818757156,0.0,0.0,0.0,-12.71475225648,-12.71475225648,0.0
