year,exp_rate_terms,base_pop_for_rate,exp_people_from_rate,exp_people_manual,exp_people_total,delta_noexp,delta_hat,residual_error
2026,0.0,697.0,0.0,0.0,0.0,-14.360620522193502,-14.360620522193502,0.0
2027,0.0,682.6393794778065,0.0,0.0,0.0,-15.846642783364196,-15.846642783364196,0.0
2028,0.0,666.7927366944423,0.0,0.0,0.0,-15.233803971280896,-15.233803971280896,0.0
