year,exp_rate_terms,base_pop_for_rate,exp_people_from_rate,exp_people_manual,exp_people_total,delta_noexp,delta_hat,residual_error
2026,0.0,0.0,0.0,0.0,0.0,-19.233341238759724,-19.233341238759724,0.0
2027,0.0,-19.233341238759724,-0.0,0.0,0.0,-18.71004595619463,-18.71004595619463,0.0
2028,0.0,-37.943387194954354,-0.0,0.0,0.0,-18.62002225146494,-18.62002225146494,0.0
