year,exp_rate_terms,base_pop_for_rate,exp_people_from_rate,exp_people_manual,exp_people_total,delta_noexp,delta_hat,residual_error
2026,0.0,0.0,0.0,0.0,0.0,-19.391864018691546,-19.391864018691546,0.0
2027,0.0,-19.391864018691546,-0.0,0.0,0.0,-20.485039636764082,-20.485039636764082,0.0
2028,0.0,-39.87690365545563,-0.0,0.0,0.0,-20.425344908629423,-20.425344908629423,0.0
