year,exp_rate_terms,base_pop_for_rate,exp_people_from_rate,exp_people_manual,exp_people_total,delta_noexp,delta_hat,residual_error
2026,0.0,0.0,0.0,0.0,0.0,-18.28631729943358,-18.28631729943358,0.0
2027,0.0,-18.28631729943358,-0.0,0.0,0.0,-20.246820044244178,-20.246820044244178,0.0
2028,0.0,-38.53313734367776,-0.0,0.0,0.0,-19.73601158904759,-19.73601158904759,0.0
