year,delta_noexp,exp_rate_terms,exp_rate_terms_clipped,base_pop_for_rate,exp_people_from_rate,exp_people_manual,exp_people_total,delta_hat,pop_after,lag_d1,lag_d2
2026,-28.467870347071283,0.2071823204419887,0.2071823204419887,724.0,149.99999999999983,0.0,149.99999999999983,121.53212965292855,845.5321296529286,,
2027,121.15704866656333,-0.010544438735124,-0.010544438735124,845.5321296529286,-8.915661739704229,0.0,-8.915661739704229,112.2413869268591,957.7735165797876,121.53212965292855,
2028,116.15884604796935,0.0828729281767953,0.0828729281767953,957.7735165797876,79.3734958491534,0.0,79.3734958491534,195.53234189712276,1153.3058584769103,112.2413869268591,121.53212965292855
