year,exp_rate_terms,base_pop_for_rate,exp_people_from_rate,exp_people_manual,exp_people_total,delta_noexp,delta_hat,residual_error
2026,-0.0003861786599138,242.0,-0.0934552356991396,0.0,-0.0934552356991396,-20.45085007935935,-20.544305315058487,0.0
2027,0.0,221.4556946849415,0.0,0.0,0.0,-20.339954921734826,-20.339954921734826,0.0
2028,0.0,201.11573976320668,0.0,0.0,0.0,-21.500709287921428,-21.500709287921428,0.0
