{
  "town": "九品寺5丁目",
  "base_year": 2025,
  "horizons": [
    1,
    2,
    3
  ],
  "path": [
    {
      "year": 2026,
      "delta_hat": 2.5596750402338677,
      "pop_hat": 1721.559675040234,
      "pi95_delta": [
        -11.963933008840769,
        11.963933008840769
      ],
      "pi95_pop": [
        1709.5957420313932,
        1733.5236080490747
      ],
      "contrib": {
        "exp": -3.991448521347565,
        "macro": 0.0,
        "inertia": 0.007646302554741524,
        "other": 6.543477259026691
      }
    },
    {
      "year": 2027,
      "delta_hat": -0.9248654523035036,
      "pop_hat": 1720.6348095879305,
      "pi95_delta": [
        -11.963933008840769,
        11.963933008840769
      ],
      "pi95_pop": [
        1703.7152532675047,
        1737.5543659083562
      ],
      "contrib": {
        "exp": -7.982897042322205,
        "macro": 0.0,
        "inertia": 0.007646302554741524,
        "other": 7.05038528746396
      }
    },
    {
      "year": 2028,
      "delta_hat": -0.9248654519305779,
      "pop_hat": 1719.7099441359999,
      "pi95_delta": [
        -11.963933008840769,
        11.963933008840769
      ],
      "pi95_pop": [
        1698.9878043063372,
        1740.4320839656625
      ],
      "contrib": {
        "exp": -7.982897041949279,
        "macro": 0.0,
        "inertia": 0.007646302554741524,
        "other": 7.05038528746396
      }
    }
  ]
}