{
  "town": "四方寄町",
  "base_year": 2025,
  "horizons": [
    1,
    2,
    3
  ],
  "path": [
    {
      "year": 2026,
      "delta_hat": -83.5,
      "pop_hat": 2804.5,
      "pi95_delta": [
        -12.8,
        12.8
      ],
      "pi95_pop": [
        2791.7,
        2817.3
      ],
      "contrib": {
        "exp": -64.4,
        "macro": 0.0,
        "inertia": 2.4,
        "other": -21.5
      }
    },
    {
      "year": 2027,
      "delta_hat": -18.4,
      "pop_hat": 2786.1,
      "pi95_delta": [
        -12.8,
        12.8
      ],
      "pi95_pop": [
        2768.0,
        2804.2
      ],
      "contrib": {
        "exp": 0.0,
        "macro": 0.0,
        "inertia": 19.1,
        "other": -37.5
      }
    },
    {
      "year": 2028,
      "delta_hat": -20.3,
      "pop_hat": 2765.8,
      "pi95_delta": [
        -12.8,
        12.8
      ],
      "pi95_pop": [
        2743.7,
        2787.9
      ],
      "contrib": {
        "exp": 0.0,
        "macro": 0.0,
        "inertia": 17.2,
        "other": -37.5
      }
    }
  ],
  "explain": {
    "2026": {
      "exp_rate_terms": -0.0222825491700959,
      "base_pop_for_rate": 2888.0,
      "exp_people_from_rate": -64.35200200323696,
      "exp_people_manual": 0.0,
      "exp_people_total": -64.35200200323696,
      "delta_noexp": 45.21770008658826,
      "delta_hat": -19.134301916648703,
      "exp_people_by_category": {
        "housing_dec_h1": -77.45129797037077,
        "transit_dec_h1": -36.15818808382292,
        "disaster_dec_h1": -30.68149629443768,
        "employment_inc_h1": -5.2960963420459,
        "housing_inc_h1": 0.017806394208227383,
        "transit_inc_h1": 0.21901942245329004,
        "commercial_inc_h1": 7.2805873863435195,
        "disaster_inc_h1": -22.99902001729381
      }
    },
    "2027": {
      "exp_rate_terms": 0.0,
      "base_pop_for_rate": 2868.865698083351,
      "exp_people_from_rate": 0.0,
      "exp_people_manual": 0.0,
      "exp_people_total": 0.0,
      "delta_noexp": -18.410149855797172,
      "delta_hat": -18.410149855797172,
      "exp_people_by_category": {
        "housing_dec_h2": -38.4690741030521,
        "transit_dec_h2": -17.959311893789085,
        "disaster_dec_h2": -15.239108775100977,
        "employment_inc_h2": -2.630503658144066,
        "housing_inc_h2": 0.00884420940971842,
        "transit_inc_h2": 0.10878416002254934,
        "commercial_inc_h2": 3.6161751064022236,
        "disaster_inc_h2": -11.423320570835626
      }
    },
    "2028": {
      "exp_rate_terms": 0.0,
      "base_pop_for_rate": 2850.455548227554,
      "exp_people_from_rate": 0.0,
      "exp_people_manual": 0.0,
      "exp_people_total": 0.0,
      "delta_noexp": -20.301712419571196,
      "delta_hat": -20.301712419571196,
      "exp_people_by_category": {
        "housing_dec_h3": -19.111104745244756,
        "transit_dec_h3": -8.922031495618809,
        "disaster_dec_h3": -7.57065801076892,
        "employment_inc_h3": -1.3068115652815258,
        "housing_inc_h3": 0.004393727074513495,
        "transit_inc_h3": 0.054043033924995675,
        "commercial_inc_h3": 1.79648465285305,
        "disaster_inc_h3": -5.67500728982783
      }
    }
  }
}