{
  "town": "四方寄町",
  "base_year": 2025,
  "horizons": [
    1,
    2,
    3
  ],
  "path": [
    {
      "year": 2026,
      "delta_hat": -18.8,
      "pop_hat": 2869.2,
      "pi95_delta": [
        -12.8,
        12.8
      ],
      "pi95_pop": [
        2856.5,
        2882.0
      ],
      "contrib": {
        "exp": 0.4,
        "macro": 0.0,
        "inertia": 2.4,
        "other": -21.5
      }
    },
    {
      "year": 2027,
      "delta_hat": -18.2,
      "pop_hat": 2851.0,
      "pi95_delta": [
        -12.8,
        12.8
      ],
      "pi95_pop": [
        2832.9,
        2869.1
      ],
      "contrib": {
        "exp": 0.2,
        "macro": 0.0,
        "inertia": 19.1,
        "other": -37.5
      }
    },
    {
      "year": 2028,
      "delta_hat": -20.2,
      "pop_hat": 2830.8,
      "pi95_delta": [
        -12.8,
        12.8
      ],
      "pi95_pop": [
        2808.7,
        2853.0
      ],
      "contrib": {
        "exp": 0.1,
        "macro": 0.0,
        "inertia": 17.2,
        "other": -37.5
      }
    }
  ],
  "explain": {
    "2026": {
      "exp_rate_terms": 0.0001299120511359,
      "base_pop_for_rate": 2888.0,
      "exp_people_from_rate": 0.3751860036804792,
      "exp_people_manual": 0.0,
      "exp_people_total": 0.3751860036804792,
      "delta_noexp": -19.50948792032918,
      "delta_hat": -19.134301916648703,
      "exp_people_by_category": {
        "disaster_dec_h1": -30.68149629443768,
        "housing_dec_h1": -77.45129797037077,
        "transit_dec_h1": -36.15818808382292,
        "commercial_inc_h1": 7.2805873863435195,
        "disaster_inc_h1": -22.99902001729381,
        "housing_inc_h1": 0.017806394208227383,
        "transit_inc_h1": 0.21901942245329004,
        "employment_inc_h1": -5.2960963420459
      }
    },
    "2027": {
      "exp_rate_terms": 7.794723068155001e-05,
      "base_pop_for_rate": 2868.865698083351,
      "exp_people_from_rate": 0.223620136362889,
      "exp_people_manual": 0.0,
      "exp_people_total": 0.223620136362889,
      "delta_noexp": -18.63376999216006,
      "delta_hat": -18.410149855797172,
      "exp_people_by_category": {
        "disaster_dec_h2": -15.239108775100977,
        "housing_dec_h2": -38.4690741030521,
        "transit_dec_h2": -17.959311893789085,
        "commercial_inc_h2": 3.6161751064022236,
        "disaster_inc_h2": -11.423320570835626,
        "housing_inc_h2": 0.00884420940971842,
        "transit_inc_h2": 0.10878416002254934,
        "employment_inc_h2": -2.630503658144066
      }
    },
    "2028": {
      "exp_rate_terms": 3.8973615340775006e-05,
      "base_pop_for_rate": 2850.455548227554,
      "exp_people_from_rate": 0.11109255808259863,
      "exp_people_manual": 0.0,
      "exp_people_total": 0.11109255808259863,
      "delta_noexp": -20.412804977653796,
      "delta_hat": -20.301712419571196,
      "exp_people_by_category": {
        "disaster_dec_h3": -7.57065801076892,
        "housing_dec_h3": -19.111104745244756,
        "transit_dec_h3": -8.922031495618809,
        "commercial_inc_h3": 1.79648465285305,
        "disaster_inc_h3": -5.67500728982783,
        "housing_inc_h3": 0.004393727074513495,
        "transit_inc_h3": 0.054043033924995675,
        "employment_inc_h3": -1.3068115652815258
      }
    }
  }
}